{"CornerNumber": [1, 2, 3, 4, 5, 6, 7, 8, 9, 10, 11, 12, 13, 14, 15, 16], "X": [-2540.2822265625, 150.75099182128906, 584.3014526367188, 3357.76171875, 4494.111328125, 2945.9921875, 6663.4482421875, 5829.10302734375, 5376.43994140625, 3382.146728515625, 5667.724609375, 8684.638671875, 9804.8359375, 8508.7587890625, 5588.02197265625, 3091.3271484375], "Y": [3525.969970703125, 2876.32861328125, 4929.71630859375, 7940.6083984375, 6814.359375, 4638.09423828125, 5128.798828125, 3462.73583984375, 2379.2158203125, 1311.833984375, -113.17770385742188, 67.6805419921875, -1609.8995361328125, -3323.72021484375, -2960.096435546875, -6692.9228515625], "Angle": [146.95169218391052, -67.68297775889201, 168.84301785414573, 89.21321849072591, 5.451087474003947, -164.31429858039468, 30.923491321634227, -28.488276795618738, -35.549017611923794, 177.67641990773714, -93.9903862195034, 69.38635641240174, -4.193571431519296, -81.95352773043147, 114.1757660839995, -89.74701207205749], "Distance": [484.6972611519037, 794.7354218143234, 1012.4011526326072, 1441.370246656627, 1613.7891324398463, 1893.1266951108387, 2321.3051572215973, 2518.1489862353387, 2639.839464338214, 2877.2930668674844, 3170.911728521192, 3470.3113142579587, 3690.334866109982, 3918.859156465921, 4205.912781827364, 4674.303767519295], "Rotation": 61.0}