{"CornerNumber": [1, 2, 3, 4, 5, 6, 7, 8, 9, 10, 11, 12, 13, 14], "X": [4771.724609375, 5860.09423828125, 9505.0419921875, 9645.8505859375, 11039.833984375, 10980.7724609375, 6768.740234375, 11462.9208984375, 4857.88134765625, 5033.83984375, 3465.40087890625, -2846.72021484375, -1936.921142578125, -1995.5133056640625], "Y": [-311.58404541015625, 2537.9111328125, 3386.4375, 4719.64306640625, 4957.83349609375, 5853.3193359375, 8445.9150390625, 10080.83984375, 9353.474609375, 8539.8515625, 3532.689453125, -431.93719482421875, -905.0927734375, -1766.189697265625], "Angle": [-19.619778355844197, 119.3221341305177, -37.291151606837836, 165.64986856293584, -43.850316703260006, 32.325631062924295, 148.0338184718013, -158.3022898540106, 174.47359859106973, -0.3523880434576427, -37.50710788559681, -175.44178792859057, 21.24766356118194, -162.57154487645863], "Distance": [452.2965556945802, 792.2391899108883, 1176.6295293273918, 1314.0881731872553, 1466.3627187805164, 1561.0198687438956, 2082.0457463684065, 2692.790140045164, 3442.639388885496, 3526.5961653747554, 4053.795335388186, 4806.525454010016, 4916.821611358649, 5004.893916107186]}