{"CornerNumber":[1,2,3,4,5,6,7,8,9,10],"X":[-3063.95654296875,-6314.69482421875,-8209.9208984375,-266.37420654296875,-1473.040283203125,-4632.14404296875,-3272.00830078125,-1618.7939453125,3669.864501953125,4201.1748046875],"Y":[-2208.505859375,3218.050048828125,5460.17724609375,4694.2724609375,3462.345947265625,3322.6875,853.0664672851562,1948.8214111328125,1852.27734375,85.38370513916016],"Angle":[-115.77962454723948,32.816311235060375,147.53856789297933,16.276140875442245,-75.64882051123584,-39.52498788143804,96.4938007769575,108.03501663007374,51.29113873108554,-9.155093979430859],"Distance":[440.28443080417674,1085.0216898195033,1374.007783136013,2190.6391885946728,2374.9203777882826,2704.942707630169,3036.5807491149644,3232.5076965802045,3771.1148510305147,3967.1410780009855],"Rotation":1.0}