{"CornerNumber":[1,2,3,4,5,6,7,8,9,10,11,12,13,14,15,16,17,18],"X":[1192.50830078125,2770.315185546875,4845.322265625,5802.7041015625,6232.291015625,631.385986328125,-566.2516479492188,761.3385620117188,5893.8935546875,7295.830078125,7534.9931640625,7336.6962890625,7776.478515625,6806.81005859375,2398.9521484375,-620.4287109375,-1438.0526123046875,-2309.334228515625],"Y":[4503.826171875,4462.89208984375,5895.13037109375,4733.5244140625,6458.9794921875,10910.232421875,9540.3837890625,12361.55859375,12947.2099609375,7780.4658203125,6906.171875,5474.73486328125,4163.52197265625,3146.68896484375,-4099.2412109375,-993.7661743164062,-1146.76318359375,-105.71966552734375],"Angle":[98.4899241531774,-78.03462987143243,98.2555451956151,-75.86392528573197,19.10473024407218,108.3056633014727,-130.008186597324,122.63389803912163,59.40549721836916,-159.3327248044901,-0.7521081230510966,6.130680887505708,-11.177492704699338,131.62596056517813,-81.47941394640335,61.329159623640706,-79.86563689483886,-178.56504718884855],"Distance":[457.7054827815471,620.2578038474143,867.9463010694777,1042.880272589344,1242.7558175580818,1971.2177760124703,2186.2107679902892,2520.318912556451,3046.4146566555237,3603.8188150322776,3697.5138500320836,3835.7431506351068,3978.4084370015917,4129.215752485857,4990.186633735653,5433.492457144022,5525.391026820096,5673.417583612773],"Rotation":92.0}