{"tel": {"time": [0.0, 0.071, 0.213, 0.272, 0.453, 0.492, 0.693, 0.712, 0.932, 0.933, 1.152, 1.173, 1.372, 1.412, 1.592, 1.652, 1.812, 1.892, 2.032, 2.132, 2.252, 2.412, 2.472, 2.652, 2.692, 2.892, 2.912, 3.132, 3.352, 3.372, 3.571, 3.612, 3.791, 3.852, 4.011, 4.092, 4.231, 4.332, 4.451, 4.572, 4.671, 4.812, 4.891, 5.052, 5.111, 5.293, 5.331, 5.533, 5.551, 5.771, 5.773, 5.991, 6.013, 6.211, 6.293, 6.431, 6.533, 6.651, 6.773, 6.852, 7.013, 7.072, 7.253, 7.292, 7.464], "rpm": [11033, 11039, 11051, 11062, 11074, 11113, 11153, 11182, 11211, 11240, 11268, 11297, 11314, 11331, 11354, 11377, 11404, 11431, 11444, 11458, 11482, 11506, 11521, 11537, 11536, 11536, 11542, 11548, 11570, 11592, 11586, 11581, 11346, 11111, 10762, 10414, 10310, 10207, 10553, 10900, 10955, 11011, 10681, 10352, 10083, 9815, 9659, 9503, 9498, 9493, 9489, 9490, 9492, 9612, 9733, 9995, 10258, 10480, 10702, 10889, 11076, 11054, 11033, 11062, 11077], "speed": [305, 306, 307, 308, 309, 310, 311, 311, 312, 313, 313, 314, 314, 315, 316, 317, 317, 318, 318, 319, 319, 320, 320, 321, 321, 321, 321, 322, 322, 322, 322, 322, 321, 320, 308, 296, 282, 268, 250, 233, 225, 217, 208, 199, 194, 190, 185, 180, 178, 176, 175, 173, 171, 173, 176, 180, 185, 188, 192, 196, 201, 202, 203, 202, 202], "gear": [8, 8, 8, 8, 8, 8, 8, 8, 8, 8, 8, 8, 8, 8, 8, 8, 8, 8, 8, 8, 8, 8, 8, 8, 8, 8, 8, 8, 8, 8, 8, 8, 8, 8, 8, 8, 8, 7, 7, 7, 7, 6, 6, 5, 5, 5, 5, 5, 5, 5, 5, 5, 5, 5, 5, 5, 5, 5, 5, 5, 5, 5, 5, 5, 5], "throttle": [99, 99, 99, 99, 99, 99, 99, 99, 99, 99, 99, 99, 99, 99, 99, 99, 99, 99, 99, 99, 99, 99, 99, 99, 99, 99, 99, 99, 99, 99, 99, 99, 66, 34, 20, 7, 3, 0, 0, 0, 0, 0, 0, 0, 0, 1, 0, 0, 1, 2, 3, 30, 57, 67, 78, 89, 100, 99, 99, 83, 68, 67, 67, 61, 58], "brake": [0, 0, 0, 0, 0, 0, 0, 0, 0, 0, 0, 0, 0, 0, 0, 0, 0, 0, 0, 0, 0, 0, 0, 0, 0, 0, 0, 0, 0, 0, 0, 0, 0, 1, 1, 1, 1, 1, 1, 1, 1, 1, 1, 1, 1, 1, 1, 0, 0, 0, 0, 0, 0, 0, 0, 0, 0, 0, 0, 0, 1, 1, 1, 1, 1], "drs": [1, 1, 1, 1, 1, 1, 1, 1, 1, 1, 1, 1, 1, 1, 1, 1, 1, 1, 1, 1, 1, 1, 1, 1, 1, 1, 1, 1, 1, 1, 1, 1, 1, 0, 0, 0, 0, 0, 0, 0, 0, 0, 0, 0, 0, 0, 0, 0, 0, 0, 0, 0, 0, 0, 0, 0, 0, 0, 0, 0, 0, 0, 0, 0, 0], "distance": [0.008333079080946326, 6.053587365448746, 18.179166666666664, 23.23102866383023, 38.77916666666667, 42.139103762649626, 59.512499999999996, 61.16000513264139, 80.29206500125969, 80.37916666666666, 99.47869421598439, 101.3125, 118.7161191660852, 122.225, 138.06683027104077, 143.35833333333332, 157.48464711175802, 164.5583333333333, 176.95620321009147, 185.825, 196.4807266234624, 210.71388888888885, 216.060025187814, 232.11388888888888, 235.6799534623539, 253.51388888888886, 255.30024833557863, 274.98055555555555, 294.6590401923278, 296.4472222222222, 314.24033532119194, 317.9138888888889, 333.93837440232693, 339.2472222222222, 352.5196270624205, 358.9805555555555, 369.6062307665704, 376.8472222222222, 384.765063630099, 392.38055555555553, 398.4718520091377, 406.84722222222223, 411.32936992227354, 420.1138888888889, 423.2787812238902, 432.83333333333337, 434.7745236321606, 444.83333333333337, 445.718255152606, 456.4042004380533, 456.5, 466.84848744328133, 467.90000000000003, 477.50635783448075, 481.58888888888896, 488.62039374950933, 493.92222222222233, 500.14583416508924, 506.7222222222223, 511.080135123885, 520.1222222222223, 523.4473678884029, 533.6555555555556, 535.8497765599807, 545.4995927004417], "rel_distance": [1.5230745055649854e-05, 0.01106441507870245, 0.03322688410064783, 0.04246040047409112, 0.07087843463780183, 0.07701954344222225, 0.10877368453118334, 0.11178490408273034, 0.14675343413239722, 0.14691263378079242, 0.18182170304093326, 0.18517343270851525, 0.21698281360954627, 0.22339615361182752, 0.25235098240071624, 0.2620225015738916, 0.28784180337641846, 0.3007706992140695, 0.3234308460207598, 0.3396407465323612, 0.3591166994194191, 0.38513129302816745, 0.3949026678358128, 0.42424503970268673, 0.43076289700883097, 0.4633587863772059, 0.4666237962308254, 0.5025943827298389, 0.5385616380111999, 0.5418299790824719, 0.5743512556387415, 0.5810655754351048, 0.610354251461372, 0.6200574724315102, 0.6443160462951167, 0.6561249771531852, 0.6755460037162391, 0.6887806908876748, 0.7032524872912594, 0.7171716658881825, 0.7283050035706502, 0.74361304603887, 0.7518052698565141, 0.7678611319835096, 0.7736457486677792, 0.7911090351536322, 0.7946570363496772, 0.8130419772141102, 0.8146593887966234, 0.8341905736972194, 0.8343656708840194, 0.853280068842942, 0.8552019658414736, 0.8727599399911308, 0.8802217664141672, 0.8930735654729968, 0.902763956865214, 0.9141391335443639, 0.9261590950630573, 0.9341242493277889, 0.9506508803639244, 0.9567283993005071, 0.975386365021019, 0.9793968418675141, 0.9970342467260966], "acc_x": [2.173535037384842, 3.094854366664373, 2.5623382825050616, 2.5346751093019817, 2.3849607182940584, 2.034231200897863, 1.5798970645553667, 1.646234140696364, 1.646234140696364, 1.64461990442381, 1.2275533108866161, 1.194094595419553, 1.6500429680346034, 2.0007724854307996, 2.0342312008978842, 1.5782828282828338, 1.2275533108866379, 1.192480359147018, 1.2275533108866576, 1.1373657206990697, 1.1724386724386675, 1.1373657206990473, 1.2275533108866563, 0.8066778900112455, 0.42087542087543245, 0.38580246913579336, 0.5962401795734991, 0.5962401795734991, 0.21043771043770568, 0.0, -0.4208754208754118, -1.1924803591470197, -6.663860830527491, -15.502244668911352, -25.673400673400707, -31.004489337822687, -35.21324354657689, -37.77356902356901, -37.49298540965205, -30.197811447811393, -23.849607182940474, -20.272166105499448, -19.99158249158253, -16.294514997834522, -13.137949341268836, -11.103718140370955, -10.592031425364747, -8.360330664252238, -5.753557224145474, -4.070055540643784, -4.057087390420717, -2.8058361391694597, 0.1102292768959452, 4.5995670995670945, 8.071789321789314, 9.785353535353536, 9.53984287317621, 9.752897968072094, 9.858116823290942, 9.682752064592846, 6.769079685746349, 3.2968574635241303, 0.33277748522614325, -0.4388274530454631, -0.4388274530454631], "acc_y": [-0.8758590535019084, -0.7471221022576395, -0.4425465231384257, -0.42740787104168043, 2.6203153495214186, 6.1368341470468994, 7.3158704816492985, 8.57869873044216, 8.581864535842541, 8.231128711106814, 7.861800938362313, 7.492772173993136, 7.653870319035503, 4.606147098472405, 0.9128337982438237, 0.07801237931202146, -0.4191564747258656, -0.16606852349391865, -0.12179595454217752, -0.010453987702661871, -0.010300561040791939, -1.942772801227011, -5.796880986383399, -8.019361994622285, -11.208100893118688, -12.505676261661586, -12.317997018183245, -11.866380018429789, -10.83020503033006, -9.143980099018906, -5.052649490525434, 1.9878187202653668, 7.357875538402011, 14.143905707311637, 18.049106290223317, 20.67430751654723, 22.29945446244164, 22.784927620224092, 22.480779851871308, 22.77015511160403, 21.837916072271856, 21.940370312462758, 21.141162850740912, 22.556477671388027, 23.580511672859956, 27.10745150186105, 31.083936536417983, 34.10565845161441, 36.69796302302832, 37.376110536010216, 37.90918220198192, 36.67840285470803, 33.60151398940808, 29.75116997240637, 23.20655969734205, 16.75951312199923, 10.266843976908216, 2.671161973707261, -3.6341058288176145, -9.832039654122692, -11.345978167560727, -12.540294003658433, -12.623707676366344, -11.505350266352814, -10.42718801678839],