{"tel": {"time": [0.0, 0.071, 0.213, 0.272, 0.453, 0.492, 0.693, 0.712, 0.932, 0.933, 1.152, 1.173, 1.372, 1.412, 1.592, 1.652, 1.812, 1.892, 2.032, 2.132, 2.252, 2.412, 2.472, 2.652, 2.692, 2.892, 2.912, 3.132, 3.352, 3.372, 3.571, 3.612, 3.791, 3.852, 4.011, 4.092, 4.231, 4.332, 4.451, 4.572, 4.671, 4.812, 4.891, 5.052, 5.111, 5.293, 5.331, 5.533, 5.551, 5.771, 5.773, 5.991, 6.013, 6.211, 6.293, 6.431, 6.533, 6.651, 6.773, 6.852, 7.013, 7.072, 7.253, 7.292, 7.464], "rpm": [11030.587506133334, 11037.391678933333, 11051.0, 11056.6541728, 11074.0, 11086.837521066667, 11153.0, 11159.8875232, 11239.6375232, 11240.0, 11292.0125152, 11297.0, 11325.309624954745, 11331.0, 11365.5, 11377.0, 11413.0, 11431.0, 11446.75, 11458.0, 11478.57142857143, 11506.0, 11513.75, 11537.0, 11536.833333333334, 11536.0, 11537.0, 11548.0, 11588.333333333334, 11592.0, 11582.879163733332, 11581.0, 11230.458208, 11111.0, 10649.237314133334, 10414.0, 10294.1124448, 10207.0, 10550.6126848, 10900.0, 10945.7875296, 11011.0, 10794.078990933333, 10352.0, 10220.535092191893, 9815.0, 9765.5998336, 9503.0, 9501.949992533333, 9489.1166592, 9489.0, 9491.7250016, 9492.0, 9662.421538742858, 9733.0, 10034.87528, 10258.0, 10476.3002368, 10702.0, 10825.108433066667, 11076.0, 11065.4291552, 11033.0, 11042.587515733334, 11084.870849066667], "speed": [305.22500053333334, 305.81666773333336, 307.0, 307.4916672, 309.0, 309.3250005333333, 311.0, 311.1583338666667, 312.9916672, 313.0, 313.91250026666665, 314.0, 314.83263602808074, 315.0, 316.5, 317.0, 317.6666666666667, 318.0, 318.5833333333333, 319.0, 319.42857142857144, 320.0, 320.25, 321.0, 321.0, 321.0, 321.0833333333333, 322.0, 322.0, 322.0, 322.0, 322.0, 320.5083328, 320.0, 304.0999936, 296.0, 279.78332586666664, 268.0, 250.645824, 233.0, 226.39999573333333, 217.0, 211.0749952, 199.0, 196.79667752276913, 190.0, 188.41666133333334, 180.0, 179.62499733333334, 175.041664, 175.0, 171.36666453333333, 171.0, 174.53571657142857, 176.0, 181.1750048, 185.0, 188.4416704, 192.0, 194.9625024, 201.0, 201.4916672, 203.0, 202.83749973333335, 202.12083306666668], "gear": [8, 8, 8, 8, 8, 8, 8, 8, 8, 8, 8, 8, 8, 8, 8, 8, 8, 8, 8, 8, 8, 8, 8, 8, 8, 8, 8, 8, 8, 8, 8, 8, 8, 8, 8, 8, 8, 7, 7, 7, 7, 6, 6, 5, 5, 5, 5, 5, 5, 5, 5, 5, 5, 5, 5, 5, 5, 5, 5, 5, 5, 5, 5, 5, 5], "throttle": [99.0, 99.0, 99.0, 99.0, 99.0, 99.0, 99.0, 99.0, 99.0, 99.0, 99.0, 99.0, 99.0, 99.0, 99.0, 99.0, 99.0, 99.0, 99.0, 99.0, 99.0, 99.0, 99.0, 99.0, 99.0, 99.0, 99.0, 99.0, 99.0, 99.0, 99.0, 99.0, 50.520816, 34.0, 16.112492800000002, 7.0, 2.9458314666666663, 0.0, 0.0, 0.0, 0.0, 0.0, 0.0, 0.0, 0.24481360858120726, 1.0, 0.8416661333333333, 0.0, 0.2250016, 2.9750015999999997, 3.0, 52.0500288, 57.0, 71.85000959999999, 78.0, 90.65001173333333, 100.0, 99.5083328, 99.0, 88.79582506666667, 68.0, 67.7541664, 67.0, 65.21249706666667, 57.32916373333333], "brake": [0, 0, 0, 0, 0, 0, 0, 0, 0, 0, 0, 0, 0, 0, 0, 0, 0, 0, 0, 0, 0, 0, 0, 0, 0, 0, 0, 0, 0, 0, 0, 0, 0, 1, 1, 1, 1, 1, 1, 1, 1, 1, 1, 1, 1, 1, 1, 0, 0, 0, 0, 0, 0, 0, 0, 0, 0, 0, 0, 0, 1, 1, 1, 1, 1], "drs": [1, 1, 1, 1, 1, 1, 1, 1, 1, 1, 1, 1, 1, 1, 1, 1, 1, 1, 1, 1, 1, 1, 1, 1, 1, 1, 1, 1, 1, 1, 1, 1, 1, 0, 0, 0, 0, 0, 0, 0, 0, 0, 0, 0, 0, 0, 0, 0, 0, 0, 0, 0, 0, 0, 0, 0, 0, 0, 0, 0, 0, 0, 0, 0, 0], "distance": [0.008333079080946326, 6.053587365448746, 18.179166666666664, 23.23102866383023, 38.77916666666667, 42.139103762649626, 59.512499999999996, 61.16000513264139, 80.29206500125969, 80.37916666666666, 99.47869421598439, 101.3125, 118.7161191660852, 122.225, 138.06683027104077, 143.35833333333332, 157.48464711175802, 164.5583333333333, 176.95620321009147, 185.825, 196.4807266234624, 210.71388888888885, 216.060025187814, 232.11388888888888, 235.6799534623539, 253.51388888888886, 255.30024833557863, 274.98055555555555, 294.6590401923278, 296.4472222222222, 314.24033532119194, 317.9138888888889, 333.93837440232693, 339.2472222222222, 352.5196270624205, 358.9805555555555, 369.6062307665704, 376.8472222222222, 384.765063630099, 392.38055555555553, 398.4718520091377, 406.84722222222223, 411.32936992227354, 420.1138888888889, 423.2787812238902, 432.83333333333337, 434.7745236321606, 444.83333333333337, 445.718255152606, 456.4042004380533, 456.5, 466.84848744328133, 467.90000000000003, 477.50635783448075, 481.58888888888896, 488.62039374950933, 493.92222222222233, 500.14583416508924, 506.7222222222223, 511.080135123885, 520.1222222222223, 523.4473678884029, 533.6555555555556, 535.8497765599807, 545.4995927004417], "rel_distance": [1.5230745055649854e-05, 0.01106441507870245, 0.03322688410064783, 0.04246040047409112, 0.07087843463780183, 0.07701954344222225, 0.10877368453118334, 0.11178490408273034, 0.14675343413239722, 0.14691263378079242, 0.18182170304093326, 0.18517343270851525, 0.21698281360954627, 0.22339615361182752, 0.25235098240071624, 0.2620225015738916, 0.28784180337641846, 0.3007706992140695, 0.3234308460207598, 0.3396407465323612, 0.3591166994194191, 0.38513129302816745, 0.3949026678358128, 0.42424503970268673, 0.43076289700883097, 0.4633587863772059, 0.4666237962308254, 0.5025943827298389, 0.5385616380111999, 0.5418299790824719, 0.5743512556387415, 0.5810655754351048, 0.610354251461372, 0.6200574724315102, 0.6443160462951167, 0.6561249771531852, 0.6755460037162391, 0.6887806908876748, 0.7032524872912594, 0.7171716658881825, 0.7283050035706502, 0.74361304603887, 0.7518052698565141, 0.7678611319835096, 0.7736457486677792, 0.7911090351536322, 0.7946570363496772, 0.8130419772141102, 0.8146593887966234, 0.8341905736972194, 0.8343656708840194, 0.853280068842942, 0.8552019658414736, 0.8727599399911308, 0.8802217664141672, 0.8930735654729968, 0.902763956865214, 0.9141391335443639, 0.9261590950630573, 0.9341242493277889, 0.9506508803639244, 0.9567283993005071, 0.975386365021019, 0.9793968418675141, 0.9970342467260966], "acc_x": [1.5432103402307056, 2.3148150328171253, 2.3148143372858776, 2.314814569129621, 2.3148148148148087, 2.3148148148148397, 2.3148150214370995, 2.3148147979858775, 1.93076586420357, 1.5449631884455095, 1.1606209994728012, 1.1604817003918193, 1.4764317446900663, 1.8607741571139962, 1.9643787760603086, 1.6484287317620618, 1.2626262626262412, 1.1574074074073932, 1.1273448773448849, 1.0722302388969216, 1.0321468654801897, 1.0622093955427179, 1.0471781305114742, 0.7014590347923928, 0.350729517396183, 0.42087542087539664, 0.6137766554433006, 0.5787037037036974, 0.19290123456790403, 0.0, -0.6278060606060519, -1.3994109988776597, -8.305277665544326, -16.936730864197546, -26.399413692480405, -30.29601616161619, -33.300015263748605, -36.56881391694722, -35.97081795735126, -29.880399102132387, -22.827228731762034, -19.567200000000014, -19.403753455624695, -16.41165206737612, -12.994150463603283, -10.842782193163803, -11.085162818224937, -9.487233360684344, -7.558219902782007, -5.404741563837006, -5.018938057249176, -1.7561507134840566, 1.4440053872053804, 5.781528491261824, 7.919974603174608, 9.324896392496402, 9.231200448933784, 8.7628625090038, 9.176723788465075, 9.224071487679437, 6.991792143658807, 4.085997755331098, 0.9522301860096632, -0.2051772213977484, -0.771605055292258],