{"CornerNumber": [1, 2, 3, 4, 5, 6, 7, 8, 9, 10, 11, 12, 13, 14, 15], "X": [-3572.43603515625, -2277.677001953125, -892.9807739257812, -1895.142333984375, -194.9493408203125, 16.85721778869629, -798.828857421875, 262.0026550292969, 859.696533203125, 2965.125732421875, 3071.564453125, 1188.5244140625, 730.5706787109375, 2383.842529296875, 624.3900756835938], "Y": [7808.1279296875, 8685.6494140625, 8235.65234375, 7221.09912109375, 1906.0338134765625, 4148.71337890625, 6282.61376953125, 7177.99755859375, 3923.0576171875, 2481.553466796875, 1833.7901611328125, 923.5015258789062, -925.0730590820312, 231.95425415039062, -2768.75927734375], "Angle": [156.30386873392743, 97.05787852531823, 14.507671902419103, 171.22113970733145, -60.87166121165199, 4.794321058923661, 171.29081240124776, 44.934618787243785, 31.33641828326751, 35.76009360034883, -18.15540308908224, 138.2923528074872, -153.20020862542378, 97.01087316617738, -86.47307211298296], "Distance": [NaN, NaN, NaN, NaN, NaN, NaN, NaN, NaN, NaN, NaN, NaN, NaN, NaN, NaN, NaN]}