{"CornerNumber":[1,2,3,4,5,6,7,8,9,10,11,12,13,14,15,16],"X":[-2540.2822265625,150.75099182128906,584.3014526367188,3357.76171875,4494.111328125,2945.9921875,6663.4482421875,5829.10302734375,5376.43994140625,3382.146728515625,5667.724609375,8684.638671875,9804.8359375,8508.7587890625,5588.02197265625,3091.3271484375],"Y":[3525.969970703125,2876.32861328125,4929.71630859375,7940.6083984375,6814.359375,4638.09423828125,5128.798828125,3462.73583984375,2379.2158203125,1311.833984375,-113.17770385742188,67.6805419921875,-1609.8995361328125,-3323.72021484375,-2960.096435546875,-6692.9228515625],"Angle":[146.95169218391052,-67.68297775889201,168.84301785414573,89.21321849072591,5.451087474003947,-164.31429858039468,30.923491321634227,-28.488276795618738,-35.549017611923794,177.67641990773714,-93.9903862195034,69.38635641240174,-4.193571431519296,-81.95352773043147,114.1757660839995,-89.74701207205749],"Distance":[490.12181182058015,793.303897194756,1017.6068970163631,1441.586887992133,1614.8002211988787,1893.2827142025349,2316.182692679366,2510.857707895959,2631.5867369876437,2878.559498181578,3172.274795814765,3470.232689267285,3686.2758135224867,3916.3307194412296,4201.205715308863,4669.588721808606],"Rotation":61.0}