{"CornerNumber": [1, 2, 3, 4, 5, 6, 7, 8, 9, 10, 11, 12, 13, 14, 15, 16, 17, 18, 19, 20], "X": [3743.505950560483, 3414.022004158147, 5395.315371904974, 5846.153185134, 6609.267124870705, 7165.299058163059, 9287.59816520198, 10475.25965605229, 11266.63987279964, 13265.495253457295, 15557.826820202115, 4025.1148393632216, 4941.5833838497, 4279.206066924415, 2856.971820674472, 3693.059720660606, 3320.2825975725164, 2005.0009056930412, 45.34517859774405, -2544.6723020443987], "Y": [-4013.3678672920078, -1696.4977152979786, -54.73041858963802, 682.4340137004386, 1281.73631572348, 2448.096460587591, 2343.861924048018, 3267.2329941228463, 2843.723967841445, 3339.9514603285365, 6316.789651088751, 3996.419189060194, 2058.1670910820194, 2035.9921472841122, 3037.7723595471184, 1427.1712545632547, 212.0593181515851, -12.105512097587734, 1887.2539478629997, 618.3306286295765], "Angle": [-44.65195695742783, -200.3469641110752, -43.71563655008453, 141.14534006324735, -30.322413912880773, 129.91658034908926, -75.27417115433745, 94.00044337982348, -109.78937699733613, -57.57904768880108, 32.93557808140348, -215.09380810399114, -35.26644068702872, -125.80171331872026, -205.71642813601727, -166.36228991817734, -49.84976314365157, -104.60865513920405, 74.12689300139989, -171.08009883185278], "Distance": [641.0489278793581, 889.4833232576295, 1157.7864206013858, 1241.4402826155026, 1341.6263945399476, 1464.9228118128726, 1699.8110143916092, 1855.5429041165225, 1946.7578019135062, 2158.5838699350315, 2535.073716807391, 3735.544190132174, 3965.3640872583674, 4041.3667907532026, 4242.067082451942, 4433.042566079619, 4564.051938689303, 4704.111079460608, 4987.460424097948, 5287.230626585175], "Rotation": 0.0}