{"CornerNumber":[1,2,3,4,5,6,7,8,9,10],"X":[-3063.95654296875,-6314.69482421875,-8209.9208984375,-266.37420654296875,-1473.040283203125,-4632.14404296875,-3272.00830078125,-1618.7939453125,3669.864501953125,4201.1748046875],"Y":[-2208.505859375,3218.050048828125,5460.17724609375,4694.2724609375,3462.345947265625,3322.6875,853.0664672851562,1948.8214111328125,1852.27734375,85.38370513916016],"Angle":[-115.77962454723948,32.816311235060375,147.53856789297933,16.276140875442245,-75.64882051123584,-39.52498788143804,96.4938007769575,108.03501663007374,51.29113873108554,-9.155093979430859],"Distance":[444.1989889121452,1068.6420084453252,1377.2599912524295,2187.027960297165,2374.650216341298,2705.588835561322,3030.1769849941807,3237.5492513914846,3770.560275423538,3962.418324773199],"Rotation":1.0}