{"CornerNumber": [1, 2, 3, 4, 5, 6, 7, 8, 9, 10, 11, 12, 13, 14, 15, 16, 17, 18, 19], "X": [-2268.255615234375, 2999.999267578125, 3817.088134765625, 4054.815185546875, 8288.3798828125, 7822.23583984375, 7960.5205078125, 4795.484375, 6124.01416015625, 4679.7138671875, 2442.751220703125, 765.8057861328125, -711.81396484375, -2527.06591796875, -4336.47314453125, 370.2557678222656, 1346.130126953125, 24.782848358154297, 549.4779052734375], "Y": [4480.01220703125, 504.4121398925781, -223.75808715820312, -1175.5828857421875, -11558.162109375, -12185.4541015625, -13774.4111328125, -15569.1689453125, -13828.8994140625, -8919.283203125, -8984.7734375, -12791.740234375, -12662.1513671875, -14855.037109375, -13437.90234375, -8378.4921875, -5851.3837890625, -701.6300048828125, -386.9144592285156], "Angle": [145.68175941520641, -118.1437971997148, 21.623120750256426, -159.37230591855115, -19.044517633774447, 162.88664031411616, 153.5589625319835, -147.87551693169823, 172.22776136494474, 40.95163822007065, -46.08229755088073, -49.676165997109315, 102.89657229563842, -69.16199272690382, -173.38859911250455, 142.6697670739105, 2.717271720601312, 157.75138809208076, -14.515880956568681], "Distance": [379.5493484213367, 1069.1452632514383, 1162.695921844213, 1272.748868853845, 2395.2287239010384, 2473.160434623603, 2644.9749836366186, 3027.3980664216638, 3269.993483395806, 3787.323418685079, 4037.7230823559257, 4446.209101627069, 4606.538677928229, 4904.576953135274, 5145.060907317077, 5873.248444288054, 6138.533850214063, 6677.451506091273, 6746.931499452197]}