{"CornerNumber":[1,2,3,4,5,6,7,8,9,10,11,12,13,14,15,16,17,18],"X":[1192.50830078125,2770.315185546875,4845.322265625,5802.7041015625,6232.291015625,631.385986328125,-566.2516479492188,761.3385620117188,5893.8935546875,7295.830078125,7534.9931640625,7336.6962890625,7776.478515625,6806.81005859375,2398.9521484375,-620.4287109375,-1438.0526123046875,-2309.334228515625],"Y":[4503.826171875,4462.89208984375,5895.13037109375,4733.5244140625,6458.9794921875,10910.232421875,9540.3837890625,12361.55859375,12947.2099609375,7780.4658203125,6906.171875,5474.73486328125,4163.52197265625,3146.68896484375,-4099.2412109375,-993.7661743164062,-1146.76318359375,-105.71966552734375],"Angle":[98.4899241531774,-78.03462987143243,98.2555451956151,-75.86392528573197,19.10473024407218,108.3056633014727,-130.008186597324,122.63389803912163,59.40549721836916,-159.3327248044901,-0.7521081230510966,6.130680887505708,-11.177492704699338,131.62596056517813,-81.47941394640335,61.329159623640706,-79.86563689483886,-178.56504718884855],"Distance":[466.22178284702306,625.804906413355,868.0922773018397,1039.9913312088945,1227.938923547787,1958.8164657472225,2176.707748766919,2510.052635991089,3046.736068860924,3599.6878804686958,3691.865452400292,3827.0788960152595,3975.1245687601436,4123.938349818011,4979.791701736566,5423.695745151656,5510.0870181596265,5668.1404825627005],"Rotation":92.0}