{"CornerNumber": [1, 2, 3, 4, 5, 6, 7, 8, 9, 10, 11, 12, 13, 14, 15], "X": [-2933.145751953125, -2128.3173828125, -277.1392822265625, 1804.999267578125, 315.0265808105469, -2521.29052734375, -3836.241455078125, -4032.923828125, -2892.247802734375, -3601.822998046875, -1958.77734375, -324.86907958984375, -1423.6868896484375, -3734.2490234375, -4634.7421875], "Y": [-5389.0849609375, -4989.0, -5038.25927734375, 2046.0009765625, 2381.256591796875, -865.9066162109375, -515.47900390625, 894.0545654296875, 872.4701538085938, 3344.001953125, 2384.0, 4534.8486328125, 4985.06298828125, 3988.57421875, 206.1628875732422], "Angle": [-94.73669710987603, 87.52496645588667, -57.265293877331324, 28.371071930925122, 104.02049677747884, -64.14310760041364, 31.815250307899984, 153.3626856929108, -57.807551769945846, 122.11255358977293, 90.11965750240358, 29.248961638407096, 88.62583920686448, 140.2252194567169, -176.34827329334786], "Distance": [NaN, NaN, NaN, NaN, NaN, NaN, NaN, NaN, NaN, NaN, NaN, NaN, NaN, NaN, NaN]}