{"CornerNumber": [1, 2, 3, 4, 5, 6, 7, 8, 9, 10, 11, 12, 13, 14, 15, 16, 17], "X": [11549.390625, 11579.570556640625, 11984.5009765625, 8811.018692016602, 9258.899475097656, 8180.223449707031, 8337.142669677734, 7521.6416015625, 7078.6907958984375, 5329.669921875, 4822.8515625, -443.9345703125, -791.74609375, -1373.6669921875, -1809.1650390625, -2390.3896484375, -1892.0537109375], "Y": [-620.4165039062495, -1334.7114257812495, -1769.0202636718745, -7835.0654296875, -8332.6875, -9021.7958984375, -5797.26025390625, -5024.2841796875, -4423.57568359375, -3929.69140625, -3047.8134765625, -1580.6708984375005, 76.99999999999955, -167.83337402343795, -107.8207397460942, 97.9679565429683, 1095.2366485595703], "Angle": [26.961070822263267, -161.45663106776647, 26.924666969078046, -166.07931388750785, -0.2925522266947098, -109.04601548928066, 25.060336529280704, -141.61977719510452, 50.280962176467256, -128.91348209261224, 34.93331843558475, -135.537659071418, 78.13896702277137, -83.4928059806544, 81.51269427768005, -157.50555604044234, -241.96179963456407], "Distance": [1197.8411540815023, 1272.859956997095, 1332.8559803278263, 2034.3989524511971, 2103.137314428678, 2231.8186310646947, 2572.1465501586977, 2679.3302698346256, 2763.1465348578126, 2946.12775288248, 3050.780098128483, 3600.7139957422255, 3776.1070069666957, 3839.516658127724, 3883.9653213720835, 3949.6525683475734, 4075.9742433734464]}