{"CornerNumber":[1,2,3,4,5,6,7,8,9,10,11,12,13,14,15,16,17,18,19],"X":[-4002.5498661460833,-10194.152086855822,-10487.442618448618,-11612.711556602806,-13160.352086037015,-13043.750758589213,-14871.735794051183,-11074.14236341196,-8677.443388922406,-8237.282519977727,-8627.001765725101,-8140.502538082326,-7328.02827991963,-3203.535205733467,-2813.3766286096075,1549.6159178222933,3183.621546926235,2461.8283511989794,-395.8334440528106],"Y":[-1659.2946044991618,-1797.2700204435946,-2314.6945517724075,-3147.8826331294936,-7153.475069517273,-8102.168121445727,-10110.13631173347,-9919.316626373356,-9848.486839053796,-8597.52562471613,-6142.266366985422,-5357.265931568226,-5441.099711541869,-5287.1526108486405,-5561.05664668873,-2360.470641944083,-1411.8382518196768,-336.4552654753461,-1491.902321353356],"Angle":[-97.82392870469776,111.88313377257879,-30.15716702996394,140.59195787354795,-178.31172884591876,-21.4386519733737,-171.05139602443612,90.9730095125042,-41.148155207078,-180.56795042522023,-191.14447209022003,115.09022178802522,-90.97901268389123,64.02888553347759,-96.25082233626188,-51.56989885889029,-7.579908469050402,86.24746693674015,-73.50537254412396],"Distance":[254.36232073668464,895.7619226717434,955.0585579436861,1105.0937734624802,1540.0096774075944,1637.2597121745912,1914.739236537001,2314.098521258118,2571.9227277229106,2702.6454366444,2968.8410193155164,3060.399813546278,3137.1632658716394,3564.4812690346657,3610.6816807957084,4154.982642476756,4367.598640785087,4507.009652385629,4817.380736303727],"Rotation":0.0}