{"CornerNumber": [1, 2, 3, 4, 5, 6, 7, 8, 9, 10, 11, 12, 13, 14, 15, 16, 17, 18], "X": [-1087.9032409274578, -8307.561522466332, -11895.091066264795, -11890.805463400999, -15595.89563113212, -16685.440374643375, -16351.680236542239, -13573.626984443701, -13213.528597661436, -14070.049855042664, -9877.80092415907, -5514.99633299347, -3352.7188052381844, -2791.95047373098, -1142.7696633149617, -1717.3144588536625, 187.97220871107947, 1643.8673614779], "Y": [-3965.4585258385446, -6386.958155513548, -4887.853858686007, -8574.953748968239, -10772.025526630518, -8432.943398181473, -6793.470353102614, -6301.700293847869, -5181.064305300679, -2769.9911348696114, -2166.345102144356, -3679.179920045981, -3458.1405328119563, -4400.109173050213, -2664.46012802478, -1926.834104295719, 1009.9383949065004, 359.92430821156995], "Angle": [-43.26918970945826, -109.82381278609881, -232.28339322449486, -14.820345865438867, -104.58440425759093, -172.0891205660544, -228.85306456101733, -234.05004756276594, -350.89868377930986, -196.3676377426359, -282.4592219043077, -96.75991307437425, -302.0141159534709, -100.3504081928387, -333.3235490207743, -193.04226792223074, -252.5210634249024, -353.1023122769958], "Distance": [427.8068009948731, 1201.412709503174, 1647.8990406799323, 2057.4819097900404, 2498.9566596984882, 2763.2036720275896, 2935.4198283386254, 3220.1687640380883, 3344.5470991516136, 3602.8713336181645, 4050.724459686278, 4514.067927856441, 4735.033101959225, 4855.311052398677, 5120.924859619134, 5222.523279876702, 5574.700763549796, 5744.183330078115]}