{"CornerNumber":[1,2,3,4,5,6,7,8,9,10,11,12,13,14],"X":[4771.724609375,5860.09423828125,9505.0419921875,9645.8505859375,11039.833984375,10980.7724609375,6768.740234375,11462.9208984375,4857.88134765625,5033.83984375,3465.40087890625,-2846.72021484375,-1936.921142578125,-1995.5133056640625],"Y":[-311.58404541015625,2537.9111328125,3386.4375,4719.64306640625,4957.83349609375,5853.3193359375,8445.9150390625,10080.83984375,9353.474609375,8539.8515625,3532.689453125,-431.93719482421875,-905.0927734375,-1766.189697265625],"Angle":[-19.619778355844197,119.3221341305177,-37.291151606837836,165.64986856293584,-43.850316703260006,32.325631062924295,148.0338184718013,-158.3022898540106,174.47359859106973,-0.3523880434576427,-37.50710788559681,-175.44178792859057,21.24766356118194,-162.57154487645863],"Distance":[456.0886428959782,789.2303064177922,1180.8803730218456,1313.5860546878403,1466.4205180870113,1556.3650942154738,2082.791697949825,2689.760031148764,3449.7511341131094,3528.848059111795,4052.7050481099445,4809.554533662825,4921.608180648523,4993.961803407654],"Rotation":336.0}