{"CornerNumber":[1,2,3,4,5,6,7,8,9,10,11,12,13,14,15,16,17,18,19],"X":[-4002.5498661460833,-10194.152086855822,-10487.442618448618,-11612.711556602806,-13160.352086037015,-13043.750758589213,-14871.735794051183,-11074.14236341196,-8677.443388922406,-8237.282519977727,-8627.001765725101,-8140.502538082326,-7328.02827991963,-3203.535205733467,-2813.3766286096075,1549.6159178222933,3183.621546926235,2461.8283511989794,-395.8334440528106],"Y":[-1659.2946044991618,-1797.2700204435946,-2314.6945517724075,-3147.8826331294936,-7153.475069517273,-8102.168121445727,-10110.13631173347,-9919.316626373356,-9848.486839053796,-8597.52562471613,-6142.266366985422,-5357.265931568226,-5441.099711541869,-5287.1526108486405,-5561.05664668873,-2360.470641944083,-1411.8382518196768,-336.4552654753461,-1491.902321353356],"Angle":[-97.82392870469776,111.88313377257879,-30.15716702996394,140.59195787354795,-178.31172884591876,-21.4386519733737,-171.05139602443612,90.9730095125042,-41.148155207078,-180.56795042522023,-191.14447209022003,115.09022178802522,-90.97901268389123,64.02888553347759,-96.25082233626188,-51.56989885889029,-7.579908469050402,86.24746693674015,-73.50537254412396],"Distance":[261.6622489459605,896.3361306809174,961.5384786654198,1094.057666301518,1538.1598414069888,1633.9537925212226,1906.6990469133398,2324.482233621878,2576.9587989874494,2707.3598628855534,2958.2119916835463,3062.63223738805,3138.4855485126227,3557.3364405732036,3610.595584272001,4157.828119248563,4361.673162233772,4498.466394087085,4814.912853421575],"Rotation":0.0}